{
    "1": {
        "LED0Holding": {
            "u": 0.369500994682312,
            "v": 1.0990040302276611,
            "x": 0.1665422022342682,
            "y": -0.09834803640842438,
            "z": 3.0255954265594482,
            "is_occluded": true,
            "is_in_frame": false,
            "distance_from_camera": 5.581235501888877,
            "stylus_relative_orientation": 0.24198536574840546,
            "led_relative_orientation": 0.72715263068676
        },
        "LED10Holding": {
            "u": 0.40278664231300354,
            "v": 0.9800618886947632,
            "x": 0.015350962057709694,
            "y": 0.2381521314382553,
            "z": 2.381521701812744,
            "is_occluded": true,
            "is_in_frame": true,
            "distance_from_camera": 5.065736007180123,
            "stylus_relative_orientation": 0.24198536574840546,
            "led_relative_orientation": 0.9598822332918644
        },
        "LED11Holding": {
            "u": 0.3653174638748169,
            "v": 1.1051160097122192,
            "x": 0.19734913110733032,
            "y": -0.06746349483728409,
            "z": 3.03654408454895,
            "is_occluded": true,
            "is_in_frame": false,
            "distance_from_camera": 5.553712525894906,
            "stylus_relative_orientation": 0.24198536574840546,
            "led_relative_orientation": -0.025069139897823334
        },
        "LED12Holding": {
            "u": 0.3727535605430603,
            "v": 1.071191668510437,
            "x": 0.1665828824043274,
            "y": 0.030150793492794037,
            "z": 2.847757339477539,
            "is_occluded": true,
            "is_in_frame": false,
            "distance_from_camera": 5.395494312942671,
            "stylus_relative_orientation": 0.24198536574840546,
            "led_relative_orientation": -0.025069139897823334
        },
        "LED13Holding": {
            "u": 0.39172273874282837,
            "v": 0.9846516251564026,
            "x": 0.09115152806043625,
            "y": 0.2694782316684723,
            "z": 2.3848958015441895,
            "is_occluded": false,
            "is_in_frame": true,
            "distance_from_camera": 5.025363908704839,
            "stylus_relative_orientation": 0.24198536574840546,
            "led_relative_orientation": -0.025069139897823334
        },
        "LED14Holding": {
            "u": 0.3734057545661926,
            "v": 1.0779168605804443,
            "x": 0.16605879366397858,
            "y": 0.06330101191997528,
            "z": 2.8649823665618896,
            "is_occluded": true,
            "is_in_frame": false,
            "distance_from_camera": 5.371604503969139,
            "stylus_relative_orientation": 0.24198536574840546,
            "led_relative_orientation": -0.6428811494261026
        },
        "LED15Holding": {
            "u": 0.3699604868888855,
            "v": 1.1477687358856201,
            "x": 0.15621812641620636,
            "y": -0.10193311423063278,
            "z": 3.2500252723693848,
            "is_occluded": false,
            "is_in_frame": false,
            "distance_from_camera": 5.677607828520571,
            "stylus_relative_orientation": 0.24198536574840546,
            "led_relative_orientation": -0.7271515801548958
        },
        "LED16Holding": {
            "u": 0.3869304358959198,
            "v": 1.0723127126693726,
            "x": 0.08729298412799835,
            "y": 0.11653340607881546,
            "z": 2.82881498336792,
            "is_occluded": true,
            "is_in_frame": false,
            "distance_from_camera": 5.319906272447953,
            "stylus_relative_orientation": 0.24198536574840546,
            "led_relative_orientation": -0.7271515801548958
        },
        "LED17Holding": {
            "u": 0.39511746168136597,
            "v": 1.0360188484191895,
            "x": 0.055251672863960266,
            "y": 0.21801507472991943,
            "z": 2.633601188659668,
            "is_occluded": false,
            "is_in_frame": false,
            "distance_from_camera": 5.160630342245831,
            "stylus_relative_orientation": 0.24198536574840546,
            "led_relative_orientation": -0.7271515801548958
        },
        "LED18Holding": {
            "u": 0.38448566198349,
            "v": 1.0273869037628174,
            "x": 0.12198235839605331,
            "y": 0.2042476385831833,
            "z": 2.592851161956787,
            "is_occluded": true,
            "is_in_frame": false,
            "distance_from_camera": 5.14942718857225,
            "stylus_relative_orientation": 0.24198536574840546,
            "led_relative_orientation": -0.6428811494261026
        },
        "LED19Holding": {
            "u": 0.3877561688423157,
            "v": 1.0703685283660889,
            "x": 0.06716226786375046,
            "y": 0.021569056436419487,
            "z": 2.8595218658447266,
            "is_occluded": true,
            "is_in_frame": false,
            "distance_from_camera": 5.42129284814284,
            "stylus_relative_orientation": 0.24198536574840546,
            "led_relative_orientation": 0.6428835848346353
        },
        "LED1Holding": {
            "u": 0.36406728625297546,
            "v": 1.1236863136291504,
            "x": 0.1895219385623932,
            "y": -0.1712569147348404,
            "z": 3.1666042804718018,
            "is_occluded": true,
            "is_in_frame": false,
            "distance_from_camera": 5.7012531840585865,
            "stylus_relative_orientation": 0.24198536574840546,
            "led_relative_orientation": 0.72715263068676
        },
        "LED20Holding": {
            "u": 0.3990994393825531,
            "v": 1.019755244255066,
            "x": 0.02219069004058838,
            "y": 0.16425275802612305,
            "z": 2.583569049835205,
            "is_occluded": true,
            "is_in_frame": false,
            "distance_from_camera": 5.198474925404958,
            "stylus_relative_orientation": 0.24198536574840546,
            "led_relative_orientation": 0.6428836174309254
        },
        "LED21Holding": {
            "u": 0.37699708342552185,
            "v": 1.1163493394851685,
            "x": 0.1272316724061966,
            "y": -0.009960049763321877,
            "z": 3.072150230407715,
            "is_occluded": true,
            "is_in_frame": false,
            "distance_from_camera": 5.524543225277327,
            "stylus_relative_orientation": 0.24198536574840546,
            "led_relative_orientation": -0.7271515801548958
        },
        "LED2Holding": {
            "u": 0.37616074085235596,
            "v": 1.0687533617019653,
            "x": 0.13889065384864807,
            "y": -0.010617151856422424,
            "z": 2.8559234142303467,
            "is_occluded": true,
            "is_in_frame": false,
            "distance_from_camera": 5.439580294699413,
            "stylus_relative_orientation": 0.24198536574840546,
            "led_relative_orientation": 0.72715263068676
        },
        "LED3Holding": {
            "u": 0.37691497802734375,
            "v": 1.0653269290924072,
            "x": 0.13579407334327698,
            "y": -0.0007909683627076447,
            "z": 2.836919069290161,
            "is_occluded": true,
            "is_in_frame": false,
            "distance_from_camera": 5.423911429546067,
            "stylus_relative_orientation": 0.24198536574840546,
            "led_relative_orientation": 0.72715263068676
        },
        "LED4Holding": {
            "u": 0.3776523768901825,
            "v": 1.0619771480560303,
            "x": 0.13277354836463928,
            "y": 0.008793219923973083,
            "z": 2.81838321685791,
            "is_occluded": true,
            "is_in_frame": false,
            "distance_from_camera": 5.408667795505631,
            "stylus_relative_orientation": 0.24198536574840546,
            "led_relative_orientation": 0.72715263068676
        },