{
    "1": {
        "LED0Holding": {
            "u": 0.2980436086654663,
            "v": 0.4103301763534546,
            "x": -1.0824480056762695,
            "y": 2.5465173721313477,
            "z": -0.05188975855708122,
            "is_occluded": false,
            "is_in_frame": true,
            "distance_from_camera": 7.318105890237858,
            "stylus_relative_orientation": -0.39463036006782204,
            "led_relative_orientation": -0.4798443876206875
        },
        "LED10Holding": {
            "u": 0.23942171037197113,
            "v": 0.4135529100894928,
            "x": -1.6212050914764404,
            "y": 3.0568881034851074,
            "z": -0.03827178105711937,
            "is_occluded": false,
            "is_in_frame": true,
            "distance_from_camera": 7.79034865511227,
            "stylus_relative_orientation": -0.39463036006782204,
            "led_relative_orientation": -0.9087540032342076
        },
        "LED11Holding": {
            "u": 0.3009866774082184,
            "v": 0.41029900312423706,
            "x": -1.0503103733062744,
            "y": 2.5779166221618652,
            "z": -0.053900279104709625,
            "is_occluded": true,
            "is_in_frame": true,
            "distance_from_camera": 7.3528246647407745,
            "stylus_relative_orientation": -0.39463036006782204,
            "led_relative_orientation": 0.2918730527162552
        },
        "LED12Holding": {
            "u": 0.2841449975967407,
            "v": 0.4099218249320984,
            "x": -1.20052170753479,
            "y": 2.731243133544922,
            "z": -0.06046108156442642,
            "is_occluded": true,
            "is_in_frame": true,
            "distance_from_camera": 7.49082642743146,
            "stylus_relative_orientation": -0.39463036006782204,
            "led_relative_orientation": 0.2918730527162552
        },
        "LED13Holding": {
            "u": 0.2445003092288971,
            "v": 0.40903401374816895,
            "x": -1.56880521774292,
            "y": 3.1071646213531494,
            "z": -0.07654670625925064,
            "is_occluded": true,
            "is_in_frame": true,
            "distance_from_camera": 7.843792569474289,
            "stylus_relative_orientation": -0.39463036006782204,
            "led_relative_orientation": 0.2918730527162552
        },
        "LED14Holding": {
            "u": 0.28596365451812744,
            "v": 0.41331881284713745,
            "x": -1.1812381744384766,
            "y": 2.7512059211730957,
            "z": -0.03545017167925835,
            "is_occluded": true,
            "is_in_frame": true,
            "distance_from_camera": 7.511401584850663,
            "stylus_relative_orientation": -0.39463036006782204,
            "led_relative_orientation": 0.783654710277915
        },
        "LED15Holding": {
            "u": 0.3170146644115448,
            "v": 0.4236373007297516,
            "x": -0.911076009273529,
            "y": 2.4421920776367188,
            "z": 0.04928313568234444,
            "is_occluded": true,
            "is_in_frame": true,
            "distance_from_camera": 7.2312382178367205,
            "stylus_relative_orientation": -0.39463036006782204,
            "led_relative_orientation": 0.47984322533011436
        },
        "LED16Holding": {
            "u": 0.27920156717300415,
            "v": 0.4225223958492279,
            "x": -1.2462624311447144,
            "y": 2.7847533226013184,
            "z": 0.03520594909787178,
            "is_occluded": true,
            "is_in_frame": true,
            "distance_from_camera": 7.536934424764806,
            "stylus_relative_orientation": -0.39463036006782204,
            "led_relative_orientation": 0.47984322533011436
        },
        "LED17Holding": {
            "u": 0.2623450458049774,
            "v": 0.4220506250858307,
            "x": -1.401623010635376,
            "y": 2.9436769485473633,
            "z": 0.028874026611447334,
            "is_occluded": true,
            "is_in_frame": true,
            "distance_from_camera": 7.684789675064781,
            "stylus_relative_orientation": -0.39463036006782204,
            "led_relative_orientation": 0.47984322533011436
        },
        "LED18Holding": {
            "u": 0.2624555826187134,
            "v": 0.4127275347709656,
            "x": -1.397562861442566,
            "y": 2.972513198852539,
            "z": -0.04498453065752983,
            "is_occluded": true,
            "is_in_frame": true,
            "distance_from_camera": 7.7162777526467,
            "stylus_relative_orientation": -0.39463036006782204,
            "led_relative_orientation": 0.783654710277915
        },
        "LED19Holding": {
            "u": 0.2795400619506836,
            "v": 0.4193114936351776,
            "x": -1.2505971193313599,
            "y": 2.685354232788086,
            "z": 0.013587401248514652,
            "is_occluded": false,
            "is_in_frame": true,
            "distance_from_camera": 7.438208003865946,
            "stylus_relative_orientation": -0.39463036006782204,
            "led_relative_orientation": -0.7836564593017101
        },
        "LED1Holding": {
            "u": 0.31093913316726685,
            "v": 0.41061994433403015,
            "x": -0.9702521562576294,
            "y": 2.431995391845703,
            "z": -0.0469885878264904,
            "is_occluded": false,
            "is_in_frame": true,
            "distance_from_camera": 7.2169819422261465,
            "stylus_relative_orientation": -0.39463036006782204,
            "led_relative_orientation": -0.4798443876206875
        },
        "LED20Holding": {
            "u": 0.2555192708969116,
            "v": 0.4186100363731384,
            "x": -1.4701640605926514,
            "y": 2.9094736576080322,
            "z": 0.00399730633944273,
            "is_occluded": false,
            "is_in_frame": true,
            "distance_from_camera": 7.647687453411767,
            "stylus_relative_orientation": -0.39463036006782204,
            "led_relative_orientation": -0.7836564891040325
        },
        "LED21Holding": {
            "u": 0.3008022606372833,
            "v": 0.4231272339820862,
            "x": -1.0526044368743896,
            "y": 2.5866575241088867,
            "z": 0.04310118034482002,
            "is_occluded": true,
            "is_in_frame": true,
            "distance_from_camera": 7.357883979112358,
            "stylus_relative_orientation": -0.39463036006782204,
            "led_relative_orientation": 0.47984322533011436
        },
        "LED2Holding": {
            "u": 0.2828325927257538,
            "v": 0.4099885821342468,
            "x": -1.2174508571624756,
            "y": 2.6843199729919434,
            "z": -0.05778561159968376,
            "is_occluded": false,
            "is_in_frame": true,
            "distance_from_camera": 7.442548164099547,
            "stylus_relative_orientation": -0.39463036006782204,
            "led_relative_orientation": -0.4798443876206875
        },
        "LED3Holding": {
            "u": 0.2811492681503296,
            "v": 0.4099506735801697,
            "x": -1.2325718402862549,
            "y": 2.699754238128662,
            "z": -0.058446746319532394,
            "is_occluded": false,
            "is_in_frame": true,
            "distance_from_camera": 7.456667824787045,
            "stylus_relative_orientation": -0.39463036006782204,
            "led_relative_orientation": -0.4798443876206875
        },
        "LED4Holding": {
            "u": 0.27951130270957947,
            "v": 0.4099138677120209,
            "x": -1.2473201751708984,
            "y": 2.714808940887451,
            "z": -0.05909119173884392,
            "is_occluded": false,
            "is_in_frame": true,
            "distance_from_camera": 7.4704750056126,
            "stylus_relative_orientation": -0.39463036006782204,