{
    "1": {
        "LED0Clutching": {
            "u": 1.4049354791641235,
            "v": 0.6052315831184387,
            "x": 1.8788838386535645,
            "y": -3.386345863342285,
            "z": -0.4480752944946289,
            "is_occluded": true,
            "is_in_frame": false,
            "distance_from_camera": 5.700772142396469,
            "stylus_relative_orientation": 0.345211386680603,
            "led_relative_orientation": 0.6290592262521386
        },
        "LED10Clutching": {
            "u": 1.3581856489181519,
            "v": 0.7462664246559143,
            "x": 1.5810710191726685,
            "y": -2.9440226554870605,
            "z": 0.06823912262916565,
            "is_occluded": true,
            "is_in_frame": false,
            "distance_from_camera": 5.195962641126864,
            "stylus_relative_orientation": 0.345211386680603,
            "led_relative_orientation": 0.9382105953991413
        },
        "LED11Clutching": {
            "u": 1.4196363687515259,
            "v": 0.6062172055244446,
            "x": 1.8529998064041138,
            "y": -3.4210317134857178,
            "z": -0.4358397126197815,
            "is_occluded": true,
            "is_in_frame": false,
            "distance_from_camera": 5.692130498943642,
            "stylus_relative_orientation": 0.345211386680603,
            "led_relative_orientation": -0.12950298190116882
        },
        "LED12Clutching": {
            "u": 1.4102470874786377,
            "v": 0.6478081941604614,
            "x": 1.7690767049789429,
            "y": -3.3025848865509033,
            "z": -0.27759069204330444,
            "is_occluded": true,
            "is_in_frame": false,
            "distance_from_camera": 5.545606137603355,
            "stylus_relative_orientation": 0.345211386680603,
            "led_relative_orientation": -0.12950298190116882
        },
        "LED13Clutching": {
            "u": 1.3853709697723389,
            "v": 0.7580002546310425,
            "x": 1.563315749168396,
            "y": -3.012181520462036,
            "z": 0.11039990931749344,
            "is_occluded": true,
            "is_in_frame": false,
            "distance_from_camera": 5.206431807578374,
            "stylus_relative_orientation": 0.345211386680603,
            "led_relative_orientation": -0.12950298190116882
        },
        "LED14Clutching": {
            "u": 1.417965054512024,
            "v": 0.6435459852218628,
            "x": 1.7349196672439575,
            "y": -3.314760208129883,
            "z": -0.2865910232067108,
            "is_occluded": false,
            "is_in_frame": false,
            "distance_from_camera": 5.521781165853646,
            "stylus_relative_orientation": 0.345211386680603,
            "led_relative_orientation": -0.6969009190797806
        },
        "LED15Clutching": {
            "u": 1.4235156774520874,
            "v": 0.5505568385124207,
            "x": 1.860194444656372,
            "y": -3.4991166591644287,
            "z": -0.6415219306945801,
            "is_occluded": false,
            "is_in_frame": false,
            "distance_from_camera": 5.764843947274489,
            "stylus_relative_orientation": 0.345211386680603,
            "led_relative_orientation": -0.6290582418441772
        },
        "LED16Clutching": {
            "u": 1.402488112449646,
            "v": 0.6419435739517212,
            "x": 1.6722383499145508,
            "y": -3.2346770763397217,
            "z": -0.2884770631790161,
            "is_occluded": false,
            "is_in_frame": false,
            "distance_from_camera": 5.430418440105955,
            "stylus_relative_orientation": 0.345211386680603,
            "led_relative_orientation": -0.6290582418441772
        },
        "LED17Clutching": {
            "u": 1.3920252323150635,
            "v": 0.6874727010726929,
            "x": 1.5848841667175293,
            "y": -3.1120617389678955,
            "z": -0.12486685067415237,
            "is_occluded": false,
            "is_in_frame": false,
            "distance_from_camera": 5.282766652014064,
            "stylus_relative_orientation": 0.345211386680603,
            "led_relative_orientation": -0.6290582418441772
        },
        "LED18Clutching": {
            "u": 1.4039161205291748,
            "v": 0.7073553800582886,
            "x": 1.6137601137161255,
            "y": -3.144273281097412,
            "z": -0.058295704424381256,
            "is_occluded": false,
            "is_in_frame": false,
            "distance_from_camera": 5.317714604446594,
            "stylus_relative_orientation": 0.345211386680603,
            "led_relative_orientation": -0.6969009190797806
        },
        "LED19Clutching": {
            "u": 1.3832801580429077,
            "v": 0.631760835647583,
            "x": 1.7590254545211792,
            "y": -3.22517466545105,
            "z": -0.34086063504219055,
            "is_occluded": false,
            "is_in_frame": false,
            "distance_from_camera": 5.50940737528168,
            "stylus_relative_orientation": 0.345211386680603,
            "led_relative_orientation": 0.6969030946493149
        },
        "LED1Clutching": {
            "u": 1.4118415117263794,
            "v": 0.5756789445877075,
            "x": 1.9415667057037354,
            "y": -3.474815607070923,
            "z": -0.5662750005722046,
            "is_occluded": true,
            "is_in_frame": false,
            "distance_from_camera": 5.812816754806074,
            "stylus_relative_orientation": 0.345211386680603,
            "led_relative_orientation": 0.6290592262521386
        },
        "LED20Clutching": {
            "u": 1.3680908679962158,
            "v": 0.6945824027061462,
            "x": 1.6363533735275269,
            "y": -3.0520389080047607,
            "z": -0.10954519361257553,
            "is_occluded": false,
            "is_in_frame": false,
            "distance_from_camera": 5.302135699287733,
            "stylus_relative_orientation": 0.345211386680603,
            "led_relative_orientation": 0.6969031244516373
        },
        "LED21Clutching": {
            "u": 1.4148669242858887,
            "v": 0.5880802869796753,
            "x": 1.781121015548706,
            "y": -3.3875176906585693,
            "z": -0.4924187660217285,
            "is_occluded": false,
            "is_in_frame": false,
            "distance_from_camera": 5.621350381280233,
            "stylus_relative_orientation": 0.345211386680603,
            "led_relative_orientation": -0.6290582418441772
        },
        "LED2Clutching": {
            "u": 1.3963278532028198,
            "v": 0.6420657634735107,
            "x": 1.8034567832946777,
            "y": -3.2798912525177,
            "z": -0.30584919452667236,
            "is_occluded": true,
            "is_in_frame": false,
            "distance_from_camera": 5.569085185241989,
            "stylus_relative_orientation": 0.345211386680603,
            "led_relative_orientation": 0.6290592262521386
        },
        "LED3Clutching": {
            "u": 1.3953428268432617,
            "v": 0.6462814807891846,
            "x": 1.795008897781372,
            "y": -3.2679684162139893,
            "z": -0.28991878032684326,
            "is_occluded": true,
            "is_in_frame": false,
            "distance_from_camera": 5.554559199143145,
            "stylus_relative_orientation": 0.345211386680603,
            "led_relative_orientation": 0.6290592262521386
        },
        "LED4Clutching": {
            "u": 1.3943779468536377,
            "v": 0.6504111886024475,
            "x": 1.786769151687622,
            "y": -3.2563388347625732,
            "z": -0.2743809223175049,
            "is_occluded": true,
            "is_in_frame": false,
            "distance_from_camera": 5.540435491721499,
            "stylus_relative_orientation": 0.345211386680603,
            "led_relative_orientation": 0.6290592262521386
        },