{
    "1": {
        "LED0Holding": {
            "u": -0.11846260726451874,
            "v": 0.6151092648506165,
            "x": -2.6475861072540283,
            "y": -0.12759926915168762,
            "z": -0.06820110231637955,
            "is_occluded": true,
            "is_in_frame": false,
            "distance_from_camera": 4.391434676290933,
            "stylus_relative_orientation": -0.47835584729909897,
            "led_relative_orientation": 0.8709811791777611
        },
        "LED10Holding": {
            "u": -0.17940843105316162,
            "v": 0.6585952639579773,
            "x": -3.1124346256256104,
            "y": 0.43400925397872925,
            "z": 0.07120614498853683,
            "is_occluded": true,
            "is_in_frame": false,
            "distance_from_camera": 5.086652535998607,
            "stylus_relative_orientation": -0.47835584729909897,
            "led_relative_orientation": 0.6359372735023499
        },
        "LED11Holding": {
            "u": -0.12143614143133163,
            "v": 0.6271914839744568,
            "x": -2.6474297046661377,
            "y": -0.14050841331481934,
            "z": -0.025118272751569748,
            "is_occluded": false,
            "is_in_frame": false,
            "distance_from_camera": 4.377187754935446,
            "stylus_relative_orientation": -0.47835584729909897,
            "led_relative_orientation": 0.4837718680500984
        },
        "LED12Holding": {
            "u": -0.1383087933063507,
            "v": 0.6432577967643738,
            "x": -2.7739486694335938,
            "y": 0.025580890476703644,
            "z": 0.025108713656663895,
            "is_occluded": false,
            "is_in_frame": false,
            "distance_from_camera": 4.577156691953762,
            "stylus_relative_orientation": -0.47835584729909897,
            "led_relative_orientation": 0.4837718680500984
        },
        "LED13Holding": {
            "u": -0.17558008432388306,
            "v": 0.6787483096122742,
            "x": -3.084144115447998,
            "y": 0.43279385566711426,
            "z": 0.14825527369976044,
            "is_occluded": true,
            "is_in_frame": false,
            "distance_from_camera": 5.072549597402064,
            "stylus_relative_orientation": -0.47835584729909897,
            "led_relative_orientation": 0.4837718680500984
        },
        "LED14Holding": {
            "u": -0.14706552028656006,
            "v": 0.6488400101661682,
            "x": -2.7950572967529297,
            "y": 0.0031176162883639336,
            "z": 0.04622161388397217,
            "is_occluded": false,
            "is_in_frame": false,
            "distance_from_camera": 4.564240040945094,
            "stylus_relative_orientation": -0.47835584729909897,
            "led_relative_orientation": -0.0993144940584898
        },
        "LED15Holding": {
            "u": -0.13199643790721893,
            "v": 0.6047285795211792,
            "x": -2.609717845916748,
            "y": -0.3482496440410614,
            "z": -0.08737234026193619,
            "is_occluded": false,
            "is_in_frame": false,
            "distance_from_camera": 4.174970092173773,
            "stylus_relative_orientation": -0.47835584729909897,
            "led_relative_orientation": -0.8709811009466648
        },
        "LED16Holding": {
            "u": -0.16957339644432068,
            "v": 0.6426461935043335,
            "x": -2.8926756381988525,
            "y": 0.022180458530783653,
            "z": 0.024935418739914894,
            "is_occluded": true,
            "is_in_frame": false,
            "distance_from_camera": 4.622148847003431,
            "stylus_relative_orientation": -0.47835584729909897,
            "led_relative_orientation": -0.8709811009466648
        },
        "LED17Holding": {
            "u": -0.18533916771411896,
            "v": 0.6585074663162231,
            "x": -3.0240471363067627,
            "y": 0.1938117891550064,
            "z": 0.07706858962774277,
            "is_occluded": true,
            "is_in_frame": false,
            "distance_from_camera": 4.831552672894463,
            "stylus_relative_orientation": -0.47835584729909897,
            "led_relative_orientation": -0.8709811009466648
        },
        "LED18Holding": {
            "u": -0.1694764643907547,
            "v": 0.6703840494155884,
            "x": -2.9774227142333984,
            "y": 0.24251776933670044,
            "z": 0.11898493766784668,
            "is_occluded": true,
            "is_in_frame": false,
            "distance_from_camera": 4.855458469698389,
            "stylus_relative_orientation": -0.47835584729909897,
            "led_relative_orientation": -0.0993144940584898
        },
        "LED19Holding": {
            "u": -0.1523030549287796,
            "v": 0.6202737092971802,
            "x": -2.831543445587158,
            "y": 0.005885197315365076,
            "z": -0.05483747646212578,
            "is_occluded": true,
            "is_in_frame": false,
            "distance_from_camera": 4.5856595702491045,
            "stylus_relative_orientation": -0.47835584729909897,
            "led_relative_orientation": 0.09931730106472969
        },
        "LED1Holding": {
            "u": -0.1051558181643486,
            "v": 0.6022143363952637,
            "x": -2.5530872344970703,
            "y": -0.25165489315986633,
            "z": -0.10571632534265518,
            "is_occluded": true,
            "is_in_frame": false,
            "distance_from_camera": 4.243517632892614,
            "stylus_relative_orientation": -0.47835584729909897,
            "led_relative_orientation": 0.8709811791777611
        },
        "LED20Holding": {
            "u": -0.17470185458660126,
            "v": 0.6431788206100464,
            "x": -3.0164780616760254,
            "y": 0.24866099655628204,
            "z": 0.01858028583228588,
            "is_occluded": true,
            "is_in_frame": false,
            "distance_from_camera": 4.879708442527007,
            "stylus_relative_orientation": -0.47835584729909897,
            "led_relative_orientation": 0.09931734204292297
        },
        "LED21Holding": {
            "u": -0.1484408974647522,
            "v": 0.6213849782943726,
            "x": -2.728923797607422,
            "y": -0.19176004827022552,
            "z": -0.04004702344536781,
            "is_occluded": false,
            "is_in_frame": false,
            "distance_from_camera": 4.362918667084535,
            "stylus_relative_orientation": -0.47835584729909897,
            "led_relative_orientation": -0.8709811009466648
        },
        "LED2Holding": {
            "u": -0.13366401195526123,
            "v": 0.6298398971557617,
            "x": -2.7612955570220947,
            "y": 0.021673528477549553,
            "z": -0.02305946685373783,
            "is_occluded": true,
            "is_in_frame": false,
            "distance_from_camera": 4.570536045166417,
            "stylus_relative_orientation": -0.47835584729909897,
            "led_relative_orientation": 0.8709811791777611
        },
        "LED3Holding": {
            "u": -0.13531428575515747,
            "v": 0.6314393877983093,
            "x": -2.774031162261963,
            "y": 0.038393229246139526,
            "z": -0.018002906814217567,
            "is_occluded": true,
            "is_in_frame": false,
            "distance_from_camera": 4.590666322655232,
            "stylus_relative_orientation": -0.47835584729909897,
            "led_relative_orientation": 0.8709811791777611
        },
        "LED4Holding": {
            "u": -0.1369142234325409,
            "v": 0.6329898834228516,
            "x": -2.7864532470703125,
            "y": 0.05470070242881775,
            "z": -0.013071068562567234,
            "is_occluded": true,
            "is_in_frame": false,
            "distance_from_camera": 4.610313996345982,