{
    "1": {
        "LED0Fist": {
            "u": -0.06828367710113525,
            "v": -0.14047355949878693,
            "x": 2.3599791526794434,
            "y": -0.9412535429000854,
            "z": -2.0457923412323,
            "is_occluded": true,
            "is_in_frame": false,
            "distance_from_camera": 5.266418714159125,
            "stylus_relative_orientation": 0.8244702480733395,
            "led_relative_orientation": 0.36889126151800156
        },
        "LED10Fist": {
            "u": -0.1400291472673416,
            "v": -0.14587673544883728,
            "x": 2.8456003665924072,
            "y": -0.4881250262260437,
            "z": -1.7144780158996582,
            "is_occluded": false,
            "is_in_frame": false,
            "distance_from_camera": 4.574969665760305,
            "stylus_relative_orientation": 0.8244702480733395,
            "led_relative_orientation": 0.5664984099566936
        },
        "LED11Fist": {
            "u": -0.07359720021486282,
            "v": -0.1544744223356247,
            "x": 2.381467580795288,
            "y": -0.9383764266967773,
            "z": -2.0851974487304688,
            "is_occluded": true,
            "is_in_frame": false,
            "distance_from_camera": 5.271388128984289,
            "stylus_relative_orientation": 0.8244702480733395,
            "led_relative_orientation": -0.09225300699472427
        },
        "LED12Fist": {
            "u": -0.09105728566646576,
            "v": -0.15986667573451996,
            "x": 2.520252227783203,
            "y": -0.7988042235374451,
            "z": -1.9993261098861694,
            "is_occluded": true,
            "is_in_frame": false,
            "distance_from_camera": 5.067572748370572,
            "stylus_relative_orientation": 0.8244702480733395,
            "led_relative_orientation": -0.09225300699472427
        },
        "LED13Fist": {
            "u": -0.1427059918642044,
            "v": -0.17581792175769806,
            "x": 2.860521078109741,
            "y": -0.4566052258014679,
            "z": -1.7887901067733765,
            "is_occluded": false,
            "is_in_frame": false,
            "distance_from_camera": 4.5720999327974505,
            "stylus_relative_orientation": 0.8244702480733395,
            "led_relative_orientation": -0.09225300699472427
        },
        "LED14Fist": {
            "u": -0.10029561072587967,
            "v": -0.16743308305740356,
            "x": 2.5485734939575195,
            "y": -0.816972017288208,
            "z": -2.0155673027038574,
            "is_occluded": true,
            "is_in_frame": false,
            "distance_from_camera": 5.07869642123804,
            "stylus_relative_orientation": 0.8244702480733395,
            "led_relative_orientation": -0.42997242510318756
        },
        "LED15Fist": {
            "u": -0.07846438139677048,
            "v": -0.14566707611083984,
            "x": 2.311815023422241,
            "y": -1.1403836011886597,
            "z": -2.1380722522735596,
            "is_occluded": true,
            "is_in_frame": false,
            "distance_from_camera": 5.487275142016472,
            "stylus_relative_orientation": 0.8244702480733395,
            "led_relative_orientation": -0.3688904270529747
        },
        "LED16Fist": {
            "u": -0.11902476102113724,
            "v": -0.1569773554801941,
            "x": 2.6221659183502197,
            "y": -0.8291774988174438,
            "z": -1.9464223384857178,
            "is_occluded": true,
            "is_in_frame": false,
            "distance_from_camera": 5.03438335491413,
            "stylus_relative_orientation": 0.8244702480733395,
            "led_relative_orientation": -0.3688904270529747
        },
        "LED17Fist": {
            "u": -0.14136327803134918,
            "v": -0.16321171820163727,
            "x": 2.7662410736083984,
            "y": -0.6850146651268005,
            "z": -1.8575794696807861,
            "is_occluded": true,
            "is_in_frame": false,
            "distance_from_camera": 4.826195834512183,
            "stylus_relative_orientation": 0.8244702480733395,
            "led_relative_orientation": -0.3688904270529747
        },
        "LED18Fist": {
            "u": -0.12990066409111023,
            "v": -0.17708075046539307,
            "x": 2.748805046081543,
            "y": -0.6156697869300842,
            "z": -1.892081618309021,
            "is_occluded": false,
            "is_in_frame": false,
            "distance_from_camera": 4.7872289536045525,
            "stylus_relative_orientation": 0.8244702480733395,
            "led_relative_orientation": -0.42997242510318756
        },
        "LED19Fist": {
            "u": -0.09754746407270432,
            "v": -0.1331314891576767,
            "x": 2.5285003185272217,
            "y": -0.8571009635925293,
            "z": -1.9179017543792725,
            "is_occluded": true,
            "is_in_frame": false,
            "distance_from_camera": 5.081229660537758,
            "stylus_relative_orientation": 0.8244702480733395,
            "led_relative_orientation": 0.429973803460598
        },
        "LED1Fist": {
            "u": -0.05659901723265648,
            "v": -0.1373034566640854,
            "x": 2.2563188076019287,
            "y": -1.0455033779144287,
            "z": -2.109931707382202,
            "is_occluded": true,
            "is_in_frame": false,
            "distance_from_camera": 5.419343164839015,
            "stylus_relative_orientation": 0.8244702480733395,
            "led_relative_orientation": 0.36889126151800156
        },
        "LED20Fist": {
            "u": -0.12689308822155,
            "v": -0.13984258472919464,
            "x": 2.7313642501831055,
            "y": -0.6530860066413879,
            "z": -1.792382001876831,
            "is_occluded": false,
            "is_in_frame": false,
            "distance_from_camera": 4.785879972574814,
            "stylus_relative_orientation": 0.8244702480733395,
            "led_relative_orientation": 0.429973840713501
        },
        "LED21Fist": {
            "u": -0.09441254287958145,
            "v": -0.15010859072208405,
            "x": 2.4425787925720215,
            "y": -1.0088779926300049,
            "z": -2.0571656227111816,
            "is_occluded": true,
            "is_in_frame": false,
            "distance_from_camera": 5.295500765526952,
            "stylus_relative_orientation": 0.8244702480733395,
            "led_relative_orientation": -0.3688904270529747
        },
        "LED2Fist": {
            "u": -0.08353620022535324,
            "v": -0.14461179077625275,
            "x": 2.484712600708008,
            "y": -0.8158133625984192,
            "z": -1.9686155319213867,
            "is_occluded": true,
            "is_in_frame": false,
            "distance_from_camera": 5.0830194449314545,
            "stylus_relative_orientation": 0.8244702480733395,
            "led_relative_orientation": 0.36889126151800156
        },
        "LED3Fist": {
            "u": -0.08533285558223724,
            "v": -0.14509926736354828,
            "x": 2.498682975769043,
            "y": -0.8017627596855164,
            "z": -1.9599714279174805,
            "is_occluded": true,
            "is_in_frame": false,
            "distance_from_camera": 5.062521616571688,
            "stylus_relative_orientation": 0.8244702480733395,
            "led_relative_orientation": 0.36889126151800156
        },
        "LED4Fist": {
            "u": -0.08710353821516037,
            "v": -0.1455797255039215,
            "x": 2.5123095512390137,
            "y": -0.7880589962005615,
            "z": -1.9515403509140015,
            "is_occluded": true,
            "is_in_frame": false,
            "distance_from_camera": 5.04253890896766,
            "stylus_relative_orientation": 0.8244702480733395,
            "led_relative_orientation": 0.36889126151800156
        },