{
    "1": {
        "LED0Pinching": {
            "u": 0.6529233455657959,
            "v": 0.6340566873550415,
            "x": 3.049712896347046,
            "y": 0.9859229922294617,
            "z": -0.4504126310348511,
            "is_occluded": true,
            "is_in_frame": true,
            "distance_from_camera": 7.481269080473136,
            "stylus_relative_orientation": -0.9815170541405678,
            "led_relative_orientation": 0.17704354971647263
        },
        "LED10Pinching": {
            "u": 0.6298965215682983,
            "v": 0.6058200597763062,
            "x": 3.542919635772705,
            "y": 1.4205571413040161,
            "z": -0.7950324416160583,
            "is_occluded": true,
            "is_in_frame": true,
            "distance_from_camera": 8.144851495315143,
            "stylus_relative_orientation": -0.9815170541405678,
            "led_relative_orientation": 0.06640434265136719
        },
        "LED11Pinching": {
            "u": 0.6497605443000793,
            "v": 0.6379647850990295,
            "x": 3.0389788150787354,
            "y": 1.0183093547821045,
            "z": -0.4211094379425049,
            "is_occluded": true,
            "is_in_frame": true,
            "distance_from_camera": 7.477817808697198,
            "stylus_relative_orientation": -0.9815170541405678,
            "led_relative_orientation": 0.16119023319333792
        },
        "LED12Pinching": {
            "u": 0.642724335193634,
            "v": 0.6307051181793213,
            "x": 3.186863422393799,
            "y": 1.1468462944030762,
            "z": -0.5089948177337646,
            "is_occluded": true,
            "is_in_frame": true,
            "distance_from_camera": 7.672285935220773,
            "stylus_relative_orientation": -0.9815170541405678,
            "led_relative_orientation": 0.16119023319333792
        },
        "LED13Pinching": {
            "u": 0.6270506978034973,
            "v": 0.6145337820053101,
            "x": 3.549442768096924,
            "y": 1.4619903564453125,
            "z": -0.7244691848754883,
            "is_occluded": true,
            "is_in_frame": true,
            "distance_from_camera": 8.153385419330908,
            "stylus_relative_orientation": -0.9815170541405678,
            "led_relative_orientation": 0.16119023319333792
        },
        "LED14Pinching": {
            "u": 0.6393774747848511,
            "v": 0.6306674480438232,
            "x": 3.162550449371338,
            "y": 1.175209879875183,
            "z": -0.5084245800971985,
            "is_occluded": true,
            "is_in_frame": true,
            "distance_from_camera": 7.659630469019273,
            "stylus_relative_orientation": -0.9815170541405678,
            "led_relative_orientation": 0.06187191605567932
        },
        "LED15Pinching": {
            "u": 0.6506282687187195,
            "v": 0.6360952854156494,
            "x": 2.8363540172576904,
            "y": 0.9343666434288025,
            "z": -0.4023693799972534,
            "is_occluded": false,
            "is_in_frame": true,
            "distance_from_camera": 7.2583455525443945,
            "stylus_relative_orientation": -0.9815170541405678,
            "led_relative_orientation": -0.1770438328385353
        },
        "LED16Pinching": {
            "u": 0.6349117159843445,
            "v": 0.6200793385505676,
            "x": 3.1660802364349365,
            "y": 1.221759557723999,
            "z": -0.5987931489944458,
            "is_occluded": false,
            "is_in_frame": true,
            "distance_from_camera": 7.693859780378231,
            "stylus_relative_orientation": -0.9815170541405678,
            "led_relative_orientation": -0.1770438328385353
        },
        "LED17Pinching": {
            "u": 0.6282577514648438,
            "v": 0.613306999206543,
            "x": 3.318817615509033,
            "y": 1.3551628589630127,
            "z": -0.689944863319397,
            "is_occluded": false,
            "is_in_frame": true,
            "distance_from_camera": 7.897455480787595,
            "stylus_relative_orientation": -0.9815170541405678,
            "led_relative_orientation": -0.1770438328385353
        },
        "LED18Pinching": {
            "u": 0.6300121545791626,
            "v": 0.6209242939949036,
            "x": 3.3757271766662598,
            "y": 1.3607659339904785,
            "z": -0.6348713040351868,
            "is_occluded": true,
            "is_in_frame": true,
            "distance_from_camera": 7.942300771460499,
            "stylus_relative_orientation": -0.9815170541405678,
            "led_relative_orientation": 0.06187191605567932
        },
        "LED19Pinching": {
            "u": 0.6434590816497803,
            "v": 0.6185046434402466,
            "x": 3.1552460193634033,
            "y": 1.1205397844314575,
            "z": -0.6006726026535034,
            "is_occluded": false,
            "is_in_frame": true,
            "distance_from_camera": 7.648741906004848,
            "stylus_relative_orientation": -0.9815170541405678,
            "led_relative_orientation": -0.06187155097723007
        },
        "LED1Pinching": {
            "u": 0.6585221886634827,
            "v": 0.6396738290786743,
            "x": 2.9392547607421875,
            "y": 0.889916718006134,
            "z": -0.3847695589065552,
            "is_occluded": true,
            "is_in_frame": true,
            "distance_from_camera": 7.3368232606681305,
            "stylus_relative_orientation": -0.9815170541405678,
            "led_relative_orientation": 0.17704354971647263
        },
        "LED20Pinching": {
            "u": 0.6338189244270325,
            "v": 0.6090744137763977,
            "x": 3.3714120388031006,
            "y": 1.3084243535995483,
            "z": -0.7291362285614014,
            "is_occluded": false,
            "is_in_frame": true,
            "distance_from_camera": 7.935724908482683,
            "stylus_relative_orientation": -0.9815170541405678,
            "led_relative_orientation": -0.0618714801967144
        },
        "LED21Pinching": {
            "u": 0.6437687873840332,
            "v": 0.6290943026542664,
            "x": 2.975691080093384,
            "y": 1.0554754734039307,
            "z": -0.4851740598678589,
            "is_occluded": false,
            "is_in_frame": true,
            "distance_from_camera": 7.44157901273012,
            "stylus_relative_orientation": -0.9815170541405678,
            "led_relative_orientation": -0.1770438328385353
        },
        "LED2Pinching": {
            "u": 0.6465011835098267,
            "v": 0.6276137232780457,
            "x": 3.182624101638794,
            "y": 1.1014460325241089,
            "z": -0.5294002294540405,
            "is_occluded": true,
            "is_in_frame": true,
            "distance_from_camera": 7.655919531093384,
            "stylus_relative_orientation": -0.9815170541405678,
            "led_relative_orientation": 0.17704354971647263
        },
        "LED3Pinching": {
            "u": 0.6458022594451904,
            "v": 0.6269125938415527,
            "x": 3.1975111961364746,
            "y": 1.1143850088119507,
            "z": -0.538246750831604,
            "is_occluded": true,
            "is_in_frame": true,
            "distance_from_camera": 7.675535971724178,
            "stylus_relative_orientation": -0.9815170541405678,
            "led_relative_orientation": 0.17704354971647263
        },
        "LED4Pinching": {
            "u": 0.6451243758201599,
            "v": 0.6262325048446655,
            "x": 3.212031364440918,
            "y": 1.1270054578781128,
            "z": -0.5468755960464478,
            "is_occluded": true,
            "is_in_frame": true,
            "distance_from_camera": 7.69468015599703,
            "stylus_relative_orientation": -0.9815170541405678,
            "led_relative_orientation": 0.17704354971647263
        },