{
    "0": {
        "LED0Fist": {
            "u": 0.48274579644203186,
            "v": 2.0096280574798584,
            "x": 0.337310791015625,
            "y": 0.2731723189353943,
            "z": 4.016164779663086,
            "is_occluded": true,
            "is_in_frame": false
        },
        "LED10Fist": {
            "u": 0.40610843896865845,
            "v": 2.1277968883514404,
            "x": -0.400490403175354,
            "y": 0.24141401052474976,
            "z": 3.941577196121216,
            "is_occluded": true,
            "is_in_frame": false
        },
        "LED11Fist": {
            "u": 0.48497945070266724,
            "v": 2.0279626846313477,
            "x": 0.3353238105773926,
            "y": 0.25994279980659485,
            "z": 4.0591044425964355,
            "is_occluded": true,
            "is_in_frame": false
        },
        "LED12Fist": {
            "u": 0.46299076080322266,
            "v": 2.064138650894165,
            "x": 0.12084686011075974,
            "y": 0.2579353153705597,
            "z": 4.048562049865723,
            "is_occluded": true,
            "is_in_frame": false
        },
        "LED13Fist": {
            "u": 0.4031561613082886,
            "v": 2.1625795364379883,
            "x": -0.4050012230873108,
            "y": 0.25301292538642883,
            "z": 4.022716045379639,
            "is_occluded": true,
            "is_in_frame": false
        },
        "LED14Fist": {
            "u": 0.46914732456207275,
            "v": 2.074756622314453,
            "x": 0.12028422951698303,
            "y": 0.2250346541404724,
            "z": 4.066258907318115,
            "is_occluded": true,
            "is_in_frame": false
        },
        "LED15Fist": {
            "u": 0.5213071703910828,
            "v": 1.99391508102417,
            "x": 0.5347962379455566,
            "y": 0.16876132786273956,
            "z": 4.040372371673584,
            "is_occluded": true,
            "is_in_frame": false
        },
        "LED16Fist": {
            "u": 0.4739953875541687,
            "v": 2.073780059814453,
            "x": 0.05592223256826401,
            "y": 0.1636410504579544,
            "z": 4.0169219970703125,
            "is_occluded": true,
            "is_in_frame": false
        },
        "LED17Fist": {
            "u": 0.44987866282463074,
            "v": 2.1145994663238525,
            "x": -0.16613498330116272,
            "y": 0.1610480099916458,
            "z": 4.006076812744141,
            "is_occluded": true,
            "is_in_frame": false
        },
        "LED18Fist": {
            "u": 0.4352423846721649,
            "v": 2.1316308975219727,
            "x": -0.18896493315696716,
            "y": 0.22209399938583374,
            "z": 4.0514116287231445,
            "is_occluded": true,
            "is_in_frame": false
        },
        "LED19Fist": {
            "u": 0.4724075496196747,
            "v": 2.032382011413574,
            "x": 0.12564687430858612,
            "y": 0.21102795004844666,
            "z": 3.9598309993743896,
            "is_occluded": true,
            "is_in_frame": false
        },
        "LED1Fist": {
            "u": 0.49838584661483765,
            "v": 1.984358310699463,
            "x": 0.49750763177871704,
            "y": 0.2746707797050476,
            "z": 4.024039268493652,
            "is_occluded": true,
            "is_in_frame": false
        },
        "LED20Fist": {
            "u": 0.4381827712059021,
            "v": 2.087953805923462,
            "x": -0.18785764276981354,
            "y": 0.20809371769428253,
            "z": 3.9444220066070557,
            "is_occluded": true,
            "is_in_frame": false
        },
        "LED21Fist": {
            "u": 0.5020360946655273,
            "v": 2.026320457458496,
            "x": 0.3327157199382782,
            "y": 0.16686995327472687,
            "z": 4.0304412841796875,
            "is_occluded": true,
            "is_in_frame": false
        },
        "LED2Fist": {
            "u": 0.4630166292190552,
            "v": 2.041505813598633,
            "x": 0.14454947412014008,
            "y": 0.27136749029159546,
            "z": 4.00669002532959,
            "is_occluded": true,
            "is_in_frame": false
        },
        "LED3Fist": {
            "u": 0.46074166893959045,
            "v": 2.0451812744140625,
            "x": 0.12295912951231003,
            "y": 0.27116578817367554,
            "z": 4.00562858581543,
            "is_occluded": true,
            "is_in_frame": false
        },
        "LED4Fist": {
            "u": 0.4585097134113312,
            "v": 2.0487873554229736,
            "x": 0.10190074890851974,
            "y": 0.27096909284591675,
            "z": 4.004593849182129,
            "is_occluded": true,
            "is_in_frame": false
        },
        "LED5Fist": {
            "u": 0.42636510729789734,
            "v": 2.1007254123687744,
            "x": -0.18841536343097687,
            "y": 0.26825040578842163,
            "z": 3.990324020385742,
            "is_occluded": true,
            "is_in_frame": false
        },
        "LED6Fist": {
            "u": 0.40093138813972473,
            "v": 2.141819715499878,
            "x": -0.4021605849266052,
            "y": 0.2662498354911804,
            "z": 3.9798176288604736,
            "is_occluded": true,
            "is_in_frame": false
        },
        "LED7Fist": {
            "u": 0.38314124941825867,
            "v": 2.1705634593963623,
            "x": -0.5440344214439392,
            "y": 0.264922559261322,
            "z": 3.972843647003174,
            "is_occluded": true,
            "is_in_frame": false
        },
        "LED8Fist": {
            "u": 0.4656863808631897,
            "v": 2.0319442749023438,
            "x": 0.12529408931732178,
            "y": 0.2463344931602478,
            "z": 3.9674220085144043,
            "is_occluded": true,
            "is_in_frame": false
        },
        "LED9Fist": {
            "u": 0.48748213052749634,
            "v": 1.9968773126602173,
            "x": 0.33873558044433594,
            "y": 0.2483329176902771,
            "z": 3.9779131412506104,
            "is_occluded": true,
            "is_in_frame": false
        }
    },
    "1": {
        "LED0Fist": {
            "u": 0.48274579644203186,
            "v": 2.0096280574798584,
            "x": 0.337310791015625,
            "y": 0.2731723189353943,
            "z": 4.016164779663086,
            "is_occluded": true,
            "is_in_frame": false
        },
        "LED10Fist": {
            "u": 0.40610843896865845,
            "v": 2.1277968883514404,
            "x": -0.400490403175354,
            "y": 0.24141401052474976,
            "z": 3.941577196121216,
            "is_occluded": true,
            "is_in_frame": false
        },
        "LED11Fist": {
            "u": 0.48497945070266724,
            "v": 2.0279626846313477,
            "x": 0.3353238105773926,
            "y": 0.25994279980659485,
            "z": 4.0591044425964355,
            "is_occluded": true,
            "is_in_frame": false
        },
        "LED12Fist": {
            "u": 0.46299076080322266,
            "v": 2.064138650894165,
            "x": 0.12084686011075974,
            "y": 0.2579353153705597,
            "z": 4.048562049865723,
            "is_occluded": true,
            "is_in_frame": false
        },
        "LED13Fist": {
            "u": 0.4031561613082886,
            "v": 2.1625795364379883,
            "x": -0.4050012230873108,
            "y": 0.25301292538642883,
            "z": 4.022716045379639,
            "is_occluded": true,
            "is_in_frame": false
        },
        "LED14Fist": {
            "u": 0.46914732456207275,
            "v": 2.074756622314453,
            "x": 0.12028422951698303,
            "y": 0.2250346541404724,
            "z": 4.066258907318115,
            "is_occluded": true,