{
    "0": {
        "LED0Fist": {
            "u": 1.0254610776901245,
            "v": 1.2082897424697876,
            "x": 0.337310791015625,
            "y": 0.2731723189353943,
            "z": 4.016164779663086,
            "is_occluded": true,
            "is_in_frame": false
        },
        "LED10Fist": {
            "u": 0.9458131790161133,
            "v": 1.27705717086792,
            "x": -0.400490403175354,
            "y": 0.24141401052474976,
            "z": 3.941577196121216,
            "is_occluded": true,
            "is_in_frame": false
        },
        "LED11Fist": {
            "u": 1.0268797874450684,
            "v": 1.224120855331421,
            "x": 0.3353238105773926,
            "y": 0.25994279980659485,
            "z": 4.0591044425964355,
            "is_occluded": true,
            "is_in_frame": false
        },
        "LED12Fist": {
            "u": 1.0034141540527344,
            "v": 1.245976448059082,
            "x": 0.12084686011075974,
            "y": 0.2579353153705597,
            "z": 4.048562049865723,
            "is_occluded": true,
            "is_in_frame": false
        },
        "LED13Fist": {
            "u": 0.9418095350265503,
            "v": 1.303355097770691,
            "x": -0.4050012230873108,
            "y": 0.25301292538642883,
            "z": 4.022716045379639,
            "is_occluded": true,
            "is_in_frame": false
        },
        "LED14Fist": {
            "u": 1.0090521574020386,
            "v": 1.2567198276519775,
            "x": 0.12028422951698303,
            "y": 0.2250346541404724,
            "z": 4.066258907318115,
            "is_occluded": true,
            "is_in_frame": false
        },
        "LED15Fist": {
            "u": 1.0653834342956543,
            "v": 1.208543300628662,
            "x": 0.5347962379455566,
            "y": 0.16876132786273956,
            "z": 4.040372371673584,
            "is_occluded": true,
            "is_in_frame": false
        },
        "LED16Fist": {
            "u": 1.0138981342315674,
            "v": 1.257631778717041,
            "x": 0.05592223256826401,
            "y": 0.1636410504579544,
            "z": 4.0169219970703125,
            "is_occluded": true,
            "is_in_frame": false
        },
        "LED17Fist": {
            "u": 0.9884793758392334,
            "v": 1.2819503545761108,
            "x": -0.16613498330116272,
            "y": 0.1610480099916458,
            "z": 4.006076812744141,
            "is_occluded": true,
            "is_in_frame": false
        },
        "LED18Fist": {
            "u": 0.9736107587814331,
            "v": 1.2903220653533936,
            "x": -0.18896493315696716,
            "y": 0.22209399938583374,
            "z": 4.0514116287231445,
            "is_occluded": true,
            "is_in_frame": false
        },
        "LED19Fist": {
            "u": 1.0141122341156006,
            "v": 1.2234036922454834,
            "x": 0.12564687430858612,
            "y": 0.21102795004844666,
            "z": 3.9598309993743896,
            "is_occluded": true,
            "is_in_frame": false
        },
        "LED1Fist": {
            "u": 1.0424271821975708,
            "v": 1.1927298307418823,
            "x": 0.49750763177871704,
            "y": 0.2746707797050476,
            "z": 4.024039268493652,
            "is_occluded": true,
            "is_in_frame": false
        },
        "LED20Fist": {
            "u": 0.9781398773193359,
            "v": 1.2565348148345947,
            "x": -0.18785764276981354,
            "y": 0.20809371769428253,
            "z": 3.9444220066070557,
            "is_occluded": true,
            "is_in_frame": false
        },
        "LED21Fist": {
            "u": 1.0441519021987915,
            "v": 1.2286889553070068,
            "x": 0.3327157199382782,
            "y": 0.16686995327472687,
            "z": 4.0304412841796875,
            "is_occluded": true,
            "is_in_frame": false
        },
        "LED2Fist": {
            "u": 1.0043919086456299,
            "v": 1.2276132106781006,
            "x": 0.14454947412014008,
            "y": 0.27136749029159546,
            "z": 4.00669002532959,
            "is_occluded": true,
            "is_in_frame": false
        },
        "LED3Fist": {
            "u": 1.001986026763916,
            "v": 1.229819655418396,
            "x": 0.12295912951231003,
            "y": 0.27116578817367554,
            "z": 4.00562858581543,
            "is_occluded": true,
            "is_in_frame": false
        },
        "LED4Fist": {
            "u": 0.9996300935745239,
            "v": 1.231980323791504,
            "x": 0.10190074890851974,
            "y": 0.27096909284591675,
            "z": 4.004593849182129,
            "is_occluded": true,
            "is_in_frame": false
        },
        "LED5Fist": {
            "u": 0.966205894947052,
            "v": 1.2626354694366455,
            "x": -0.18841536343097687,
            "y": 0.26825040578842163,
            "z": 3.990324020385742,
            "is_occluded": true,
            "is_in_frame": false
        },
        "LED6Fist": {
            "u": 0.9404115080833435,
            "v": 1.286292552947998,
            "x": -0.4021605849266052,
            "y": 0.2662498354911804,
            "z": 3.9798176288604736,
            "is_occluded": true,
            "is_in_frame": false
        },
        "LED7Fist": {
            "u": 0.9227002263069153,
            "v": 1.3025357723236084,
            "x": -0.5440344214439392,
            "y": 0.264922559261322,
            "z": 3.972843647003174,
            "is_occluded": true,
            "is_in_frame": false
        },
        "LED8Fist": {
            "u": 1.0074450969696045,
            "v": 1.220738410949707,
            "x": 0.12529408931732178,
            "y": 0.2463344931602478,
            "z": 3.9674220085144043,
            "is_occluded": true,
            "is_in_frame": false
        },
        "LED9Fist": {
            "u": 1.0308066606521606,
            "v": 1.1993902921676636,
            "x": 0.33873558044433594,
            "y": 0.2483329176902771,
            "z": 3.9779131412506104,
            "is_occluded": true,
            "is_in_frame": false
        }
    },
    "1": {
        "LED0Fist": {
            "u": 1.0254610776901245,
            "v": 1.2082897424697876,
            "x": 0.337310791015625,
            "y": 0.2731723189353943,
            "z": 4.016164779663086,
            "is_occluded": true,
            "is_in_frame": false
        },
        "LED10Fist": {
            "u": 0.9458131790161133,
            "v": 1.27705717086792,
            "x": -0.400490403175354,
            "y": 0.24141401052474976,
            "z": 3.941577196121216,
            "is_occluded": true,
            "is_in_frame": false
        },
        "LED11Fist": {
            "u": 1.0268797874450684,
            "v": 1.224120855331421,
            "x": 0.3353238105773926,
            "y": 0.25994279980659485,
            "z": 4.0591044425964355,
            "is_occluded": true,
            "is_in_frame": false
        },
        "LED12Fist": {
            "u": 1.0034141540527344,
            "v": 1.245976448059082,
            "x": 0.12084686011075974,
            "y": 0.2579353153705597,
            "z": 4.048562049865723,
            "is_occluded": true,
            "is_in_frame": false
        },
        "LED13Fist": {
            "u": 0.9418095350265503,
            "v": 1.303355097770691,
            "x": -0.4050012230873108,
            "y": 0.25301292538642883,
            "z": 4.022716045379639,
            "is_occluded": true,
            "is_in_frame": false
        },
        "LED14Fist": {
            "u": 1.0090521574020386,
            "v": 1.2567198276519775,
            "x": 0.12028422951698303,
            "y": 0.2250346541404724,
            "z": 4.066258907318115,
            "is_occluded": true,
            "is_in_frame": false
        },