{
    "1": {
        "LED0Clutching": {
            "u": 0.7147374153137207,
            "v": 1.2243679761886597,
            "x": 0.14705057442188263,
            "y": 1.6944243907928467,
            "z": 2.920881986618042,
            "is_occluded": true,
            "is_in_frame": false,
            "distance_from_camera": 6.045481755422918,
            "stylus_relative_orientation": 0.4187683758791536,
            "led_relative_orientation": 0.353135384619236
        },
        "LED10Clutching": {
            "u": 0.6826823353767395,
            "v": 1.4043325185775757,
            "x": 0.11279406398534775,
            "y": 1.3976887464523315,
            "z": 3.6003646850585938,
            "is_occluded": true,
            "is_in_frame": false,
            "distance_from_camera": 6.177848339687922,
            "stylus_relative_orientation": 0.4187683758791536,
            "led_relative_orientation": 0.8677192032337189
        },
        "LED11Clutching": {
            "u": 0.717503011226654,
            "v": 1.227171778678894,
            "x": 0.190303236246109,
            "y": 1.6830389499664307,
            "z": 2.9161527156829834,
            "is_occluded": false,
            "is_in_frame": false,
            "distance_from_camera": 6.00481654596049,
            "stylus_relative_orientation": 0.4187683758791536,
            "led_relative_orientation": -0.4137323573231697
        },
        "LED12Clutching": {
            "u": 0.710588812828064,
            "v": 1.2789727449417114,
            "x": 0.19131532311439514,
            "y": 1.6039509773254395,
            "z": 3.1158013343811035,
            "is_occluded": false,
            "is_in_frame": false,
            "distance_from_camera": 6.0308425054111,
            "stylus_relative_orientation": 0.4187683758791536,
            "led_relative_orientation": -0.4137323573231697
        },
        "LED13Clutching": {
            "u": 0.6924044489860535,
            "v": 1.4152086973190308,
            "x": 0.1937965452671051,
            "y": 1.4100449085235596,
            "z": 3.6052939891815186,
            "is_occluded": false,
            "is_in_frame": false,
            "distance_from_camera": 6.126117837846706,
            "stylus_relative_orientation": 0.4187683758791536,
            "led_relative_orientation": -0.4137323573231697
        },
        "LED14Clutching": {
            "u": 0.7084078192710876,
            "v": 1.2788676023483276,
            "x": 0.20970404148101807,
            "y": 1.5737450122833252,
            "z": 3.103743553161621,
            "is_occluded": false,
            "is_in_frame": false,
            "distance_from_camera": 5.996064206525854,
            "stylus_relative_orientation": 0.4187683758791536,
            "led_relative_orientation": -0.8364097028970718
        },
        "LED15Clutching": {
            "u": 0.7100067734718323,
            "v": 1.173917293548584,
            "x": 0.162826806306839,
            "y": 1.6686835289001465,
            "z": 2.698223829269409,
            "is_occluded": false,
            "is_in_frame": false,
            "distance_from_camera": 5.947542591880504,
            "stylus_relative_orientation": 0.4187683758791536,
            "led_relative_orientation": -0.3531341403722763
        },
        "LED16Clutching": {
            "u": 0.6940749287605286,
            "v": 1.2878116369247437,
            "x": 0.1651863157749176,
            "y": 1.4915072917938232,
            "z": 3.143756628036499,
            "is_occluded": false,
            "is_in_frame": false,
            "distance_from_camera": 6.000374543897507,
            "stylus_relative_orientation": 0.4187683758791536,
            "led_relative_orientation": -0.3531341403722763
        },
        "LED17Clutching": {
            "u": 0.6861655116081238,
            "v": 1.3441712856292725,
            "x": 0.16631415486335754,
            "y": 1.409146785736084,
            "z": 3.350273370742798,
            "is_occluded": false,
            "is_in_frame": false,
            "distance_from_camera": 6.0374894752173764,
            "stylus_relative_orientation": 0.4187683758791536,
            "led_relative_orientation": -0.3531341403722763
        },
        "LED18Clutching": {
            "u": 0.6978459358215332,
            "v": 1.3577704429626465,
            "x": 0.2115161418914795,
            "y": 1.4596803188323975,
            "z": 3.391580104827881,
            "is_occluded": false,
            "is_in_frame": false,
            "distance_from_camera": 6.046757147377355,
            "stylus_relative_orientation": 0.4187683758791536,
            "led_relative_orientation": -0.8364097028970718
        },
        "LED19Clutching": {
            "u": 0.6960808038711548,
            "v": 1.268174409866333,
            "x": 0.10345900058746338,
            "y": 1.5584652423858643,
            "z": 3.0982284545898438,
            "is_occluded": true,
            "is_in_frame": false,
            "distance_from_camera": 6.066169179004224,
            "stylus_relative_orientation": 0.4187683758791536,
            "led_relative_orientation": 0.8364109750837088
        },
        "LED1Clutching": {
            "u": 0.7197234630584717,
            "v": 1.1873496770858765,
            "x": 0.14629514515399933,
            "y": 1.7534959316253662,
            "z": 2.7717604637145996,
            "is_occluded": true,
            "is_in_frame": false,
            "distance_from_camera": 6.0310899584788995,
            "stylus_relative_orientation": 0.4187683758791536,
            "led_relative_orientation": 0.353135384619236
        },
        "LED20Clutching": {
            "u": 0.6851900219917297,
            "v": 1.3462190628051758,
            "x": 0.10493779182434082,
            "y": 1.4428610801696777,
            "z": 3.3900585174560547,
            "is_occluded": true,
            "is_in_frame": false,
            "distance_from_camera": 6.1173705247803305,
            "stylus_relative_orientation": 0.4187683758791536,
            "led_relative_orientation": 0.8364109788089991
        },
        "LED21Clutching": {
            "u": 0.7034827470779419,
            "v": 1.2207728624343872,
            "x": 0.1637813150882721,
            "y": 1.5941669940948486,
            "z": 2.8863329887390137,
            "is_occluded": false,
            "is_in_frame": false,
            "distance_from_camera": 5.96539863648536,
            "stylus_relative_orientation": 0.4187683758791536,
            "led_relative_orientation": -0.3531341403722763
        },
        "LED2Clutching": {
            "u": 0.7085421681404114,
            "v": 1.2703628540039062,
            "x": 0.14795978367328644,
            "y": 1.6233434677124023,
            "z": 3.100316047668457,
            "is_occluded": true,
            "is_in_frame": false,
            "distance_from_camera": 6.068374894057542,
            "stylus_relative_orientation": 0.4187683758791536,
            "led_relative_orientation": 0.353135384619236
        },
        "LED3Clutching": {
            "u": 0.7078346610069275,
            "v": 1.2756168842315674,
            "x": 0.148062065243721,
            "y": 1.615382432937622,
            "z": 3.1204140186309814,
            "is_occluded": true,
            "is_in_frame": false,
            "distance_from_camera": 6.071315648126708,
            "stylus_relative_orientation": 0.4187683758791536,
            "led_relative_orientation": 0.353135384619236
        },
        "LED4Clutching": {
            "u": 0.7071417570114136,
            "v": 1.2807615995407104,
            "x": 0.14816172420978546,
            "y": 1.6076173782348633,
            "z": 3.1400163173675537,
            "is_occluded": true,
            "is_in_frame": false,
            "distance_from_camera": 6.0742567055059125,
            "stylus_relative_orientation": 0.4187683758791536,
            "led_relative_orientation": 0.353135384619236
        },