{
    "1": {
        "LED0Fist": {
            "u": 0.4224988520145416,
            "v": 0.29339709877967834,
            "x": 0.5971583724021912,
            "y": -1.4114900827407837,
            "z": -2.171321153640747,
            "is_occluded": false,
            "is_in_frame": true,
            "distance_from_camera": 6.060167375116438,
            "stylus_relative_orientation": 0.8066091239452362,
            "led_relative_orientation": -0.5800711959600449
        },
        "LED10Fist": {
            "u": 0.37204620242118835,
            "v": 0.32802802324295044,
            "x": 1.1074748039245605,
            "y": -1.1236708164215088,
            "z": -1.715624451637268,
            "is_occluded": false,
            "is_in_frame": true,
            "distance_from_camera": 5.474270775102576,
            "stylus_relative_orientation": 0.8066091239452362,
            "led_relative_orientation": -0.2987888902425766
        },
        "LED11Fist": {
            "u": 0.4183724522590637,
            "v": 0.28949716687202454,
            "x": 0.6285722255706787,
            "y": -1.4285935163497925,
            "z": -2.19858717918396,
            "is_occluded": false,
            "is_in_frame": true,
            "distance_from_camera": 6.076688464333672,
            "stylus_relative_orientation": 0.8066091239452362,
            "led_relative_orientation": -0.44693030416965485
        },
        "LED12Fist": {
            "u": 0.4043203294277191,
            "v": 0.2965468168258667,
            "x": 0.7820654511451721,
            "y": -1.3399944305419922,
            "z": -2.0773208141326904,
            "is_occluded": false,
            "is_in_frame": true,
            "distance_from_camera": 5.902278533716631,
            "stylus_relative_orientation": 0.8066091239452362,
            "led_relative_orientation": -0.44693030416965485
        },
        "LED13Fist": {
            "u": 0.36596110463142395,
            "v": 0.31579071283340454,
            "x": 1.1583961248397827,
            "y": -1.1227706670761108,
            "z": -1.7800036668777466,
            "is_occluded": false,
            "is_in_frame": true,
            "distance_from_camera": 5.4867853372741,
            "stylus_relative_orientation": 0.8066091239452362,
            "led_relative_orientation": -0.44693030416965485
        },
        "LED14Fist": {
            "u": 0.4007602035999298,
            "v": 0.29772236943244934,
            "x": 0.8015723824501038,
            "y": -1.3718277215957642,
            "z": -2.0787525177001953,
            "is_occluded": true,
            "is_in_frame": true,
            "distance_from_camera": 5.924377939107009,
            "stylus_relative_orientation": 0.8066091239452362,
            "led_relative_orientation": -0.09669751720502973
        },
        "LED15Fist": {
            "u": 0.4266147315502167,
            "v": 0.2958360016345978,
            "x": 0.49097007513046265,
            "y": -1.5906440019607544,
            "z": -2.2556779384613037,
            "is_occluded": true,
            "is_in_frame": true,
            "distance_from_camera": 6.2815944520249545,
            "stylus_relative_orientation": 0.8066091239452362,
            "led_relative_orientation": 0.580071434378624
        },
        "LED16Fist": {
            "u": 0.39575454592704773,
            "v": 0.3120581805706024,
            "x": 0.8338938355445862,
            "y": -1.3934108018875122,
            "z": -1.984756350517273,
            "is_occluded": true,
            "is_in_frame": true,
            "distance_from_camera": 5.893698459695192,
            "stylus_relative_orientation": 0.8066091239452362,
            "led_relative_orientation": 0.580071434378624
        },
        "LED17Fist": {
            "u": 0.37996137142181396,
            "v": 0.3203704357147217,
            "x": 0.9929817914962769,
            "y": -1.3021535873413086,
            "z": -1.8590706586837769,
            "is_occluded": true,
            "is_in_frame": true,
            "distance_from_camera": 5.718677061689331,
            "stylus_relative_orientation": 0.8066091239452362,
            "led_relative_orientation": 0.580071434378624
        },
        "LED18Fist": {
            "u": 0.37880831956863403,
            "v": 0.3086502254009247,
            "x": 1.0231211185455322,
            "y": -1.2441701889038086,
            "z": -1.9041565656661987,
            "is_occluded": true,
            "is_in_frame": true,
            "distance_from_camera": 5.678873961479285,
            "stylus_relative_orientation": 0.8066091239452362,
            "led_relative_orientation": -0.09669751720502973
        },
        "LED19Fist": {
            "u": 0.4080941379070282,
            "v": 0.31245195865631104,
            "x": 0.7348955869674683,
            "y": -1.37169349193573,
            "z": -1.9944549798965454,
            "is_occluded": false,
            "is_in_frame": true,
            "distance_from_camera": 5.908120096427185,
            "stylus_relative_orientation": 0.8066091239452362,
            "led_relative_orientation": 0.09669579938054085
        },
        "LED1Fist": {
            "u": 0.4323878586292267,
            "v": 0.2883070707321167,
            "x": 0.4825115501880646,
            "y": -1.4776670932769775,
            "z": -2.2618978023529053,
            "is_occluded": false,
            "is_in_frame": true,
            "distance_from_camera": 6.192439718064701,
            "stylus_relative_orientation": 0.8066091239452362,
            "led_relative_orientation": -0.5800711959600449
        },
        "LED20Fist": {
            "u": 0.3862374424934387,
            "v": 0.32424020767211914,
            "x": 0.9592591524124146,
            "y": -1.2421869039535522,
            "z": -1.8171979188919067,
            "is_occluded": false,
            "is_in_frame": true,
            "distance_from_camera": 5.658439107233043,
            "stylus_relative_orientation": 0.8066091239452362,
            "led_relative_orientation": 0.09669573209248483
        },
        "LED21Fist": {
            "u": 0.41410332918167114,
            "v": 0.30240103602409363,
            "x": 0.6355926394462585,
            "y": -1.5071661472320557,
            "z": -2.1414220333099365,
            "is_occluded": true,
            "is_in_frame": true,
            "distance_from_camera": 6.1161693636757155,
            "stylus_relative_orientation": 0.8066091239452362,
            "led_relative_orientation": 0.580071434378624
        },
        "LED2Fist": {
            "u": 0.4100053310394287,
            "v": 0.2998276650905609,
            "x": 0.7351104021072388,
            "y": -1.331862211227417,
            "z": -2.0623326301574707,
            "is_occluded": false,
            "is_in_frame": true,
            "distance_from_camera": 5.902857113722662,
            "stylus_relative_orientation": 0.8066091239452362,
            "led_relative_orientation": -0.5800711959600449
        },
        "LED3Fist": {
            "u": 0.4085634648799896,
            "v": 0.3005698025226593,
            "x": 0.7505619525909424,
            "y": -1.3229429721832275,
            "z": -2.0501255989074707,
            "is_occluded": false,
            "is_in_frame": true,
            "distance_from_camera": 5.885369443000675,
            "stylus_relative_orientation": 0.8066091239452362,
            "led_relative_orientation": -0.5800711959600449
        },
        "LED4Fist": {
            "u": 0.4071485102176666,
            "v": 0.30129802227020264,
            "x": 0.7656328082084656,
            "y": -1.3142439126968384,
            "z": -2.0382192134857178,
            "is_occluded": false,
            "is_in_frame": true,
            "distance_from_camera": 5.868339699732064,
            "stylus_relative_orientation": 0.8066091239452362,
            "led_relative_orientation": -0.5800711959600449
        },
        "LED5Fist": {
            "u": 0.38674017786979675,